{"count":1,"gauges":{},"self":256.108288,"total":323.9108749,"children":{"AgentResetIfDone":{"count":16125,"self":0.4274168,"total":0.4274168,"children":null},"AgentSendState":{"count":16125,"self":0.8999779,"total":1.4259606,"children":{"CollectObservations":{"count":32256,"self":0.5259827,"total":0.5259827,"children":null}}},"DecideAction":{"count":16125,"self":62.852275199999994,"total":63.756481599999994,"children":{"RayPerceptionSensor.Perceive":{"count":4032,"self":0.90420539999999994,"total":0.90420539999999994,"children":null}}},"AcademyStep":{"count":16125,"self":0.1284942,"total":0.1284942,"children":null},"AgentAct":{"count":16125,"self":2.0612236,"total":2.0612235,"children":null}}}